{
  "Routes": [
    {
      "DownstreamPathTemplate": "/e-auction/api/v{v}/buyer/place-bid",
      "DownstreamScheme": "https",
      "DownstreamHostAndPorts": [
        {
          "Host": "eauctionbuyerappservice.azurewebsites.net"
        }
      ],
      "UpstreamPathTemplate": "/e-auction/api/v{v}/buyer/place-bid",
      "UpstreamHttpMethod": [ "POST" ]
    },
    {
      "DownstreamPathTemplate": "/e-auction/api/v{v}/buyer/update-bid/{ProductId}/{buyerEmailId}/{newBidAmount}",
      "DownstreamScheme": "https",
      "DownstreamHostAndPorts": [
        {
          "Host": "eauctionbuyerappservice.azurewebsites.net"
        }
      ],
      "UpstreamPathTemplate": "/e-auction/api/v{v}/buyer/update-bid/{ProductId}/{buyerEmailId}/{newBidAmount}",
      "UpstreamHttpMethod": [ "POST" ]
    },
    {
      "DownstreamPathTemplate": "/e-auction/api/v{v}/seller/addSeller",
      "DownstreamScheme": "https",
      "DownstreamHostAndPorts": [
        {
          "Host": "eauctionsellerappservice.azurewebsites.net"
        }
      ],
      "UpstreamPathTemplate": "/e-auction/api/v{v}/seller/addSeller",
      "UpstreamHttpMethod": [ "POST" ]
    },
    {
      "DownstreamPathTemplate": "/e-auction/api/v{v}/seller/addproduct",
      "DownstreamScheme": "https",
      "DownstreamHostAndPorts": [
        {
          "Host": "eauctionsellerappservice.azurewebsites.net"
        }
      ],
      "UpstreamPathTemplate": "/e-auction/api/v{v}/seller/addproduct",
      "UpstreamHttpMethod": [ "POST" ]
    },
    {
      "DownstreamPathTemplate": "/e-auction/api/v{v}/seller/show-bids/{productID}",
      "DownstreamScheme": "https",
      "DownstreamHostAndPorts": [
        {
          "Host": "eauctionsellerappservice.azurewebsites.net"
        }
      ],
      "UpstreamPathTemplate": "/e-auction/api/v{v}/seller/show-bids/{productID}",
      "UpstreamHttpMethod": [ "GET" ]
    },
    {
      "DownstreamPathTemplate": "/e-auction/api/v{v}/seller/products",
      "DownstreamScheme": "https",
      "DownstreamHostAndPorts": [
        {
          "Host": "eauctionsellerappservice.azurewebsites.net"
        }
      ],
      "UpstreamPathTemplate": "/e-auction/api/v{v}/seller/products",
      "UpstreamHttpMethod": [ "GET" ]
    },
    {
      "DownstreamPathTemplate": "/e-auction/api/v{v}/seller/delete/{productID}",
      "DownstreamScheme": "https",
      "DownstreamHostAndPorts": [
        {
          "Host": "eauctionsellerappservice.azurewebsites.net"
        }
      ],
      "UpstreamPathTemplate": "/e-auction/api/v{v}/seller/delete/{productID}",
      "UpstreamHttpMethod": [ "DELETE" ]
    }
  ]
}  